index,address,tx_hash
3,0x6F439F1ED956816131c8184791f1d2a224e6e16d,275f7bbe-eae7-4272-b988-64779b3ff808
2,0x447d23C91E7827e6Bc8975D9999C4da2e28027de,cd77aa88-3236-4b3b-b7f1-5275b6fd06ee
4,0x3A4cA3bDb21A4e56574aCAab0df0dc4C05E3194A,e284e71c-a6bc-4306-a26d-0c1eeeb94826
5,0x4dA0e692bDef3E3c74A2c09AF6870061971d3C47,c4372f82-8318-4270-a0a2-6d23e0e12541
6,0xcF9C4588D06d4dE4BC549415b8b8bEc5dB5F2A48,84240b94-a77f-4002-a4bf-d12f54d177a2
7,0xAC02B426357DA298161184B8A2721e54dd4B3178,993e5052-ac57-4ee5-baca-e5d4f373465c
9,0x6F4F2c1D895E3C6EdF2F41E9949B77A99c379054,0eda14a7-6347-4edd-9382-54a0cd2eed3c
8,0x0ad238c0dfa81f6f7f6aFE2111245805f328C07E,1fa7818f-f65f-4975-8ea4-f65f98d24063
3,0x6F439F1ED956816131c8184791f1d2a224e6e16d,118707e3-c9ab-479e-ad9d-687aeb5219b6
2,0x447d23C91E7827e6Bc8975D9999C4da2e28027de,a9340f28-567a-4b0b-8671-236a9b05fb07
4,0x3A4cA3bDb21A4e56574aCAab0df0dc4C05E3194A,9308e7f1-fc53-4df5-8266-021ecdc50c65
5,0x4dA0e692bDef3E3c74A2c09AF6870061971d3C47,799b72f9-49f1-4cb0-89e6-968ecbf5ebb9
6,0xcF9C4588D06d4dE4BC549415b8b8bEc5dB5F2A48,259b4ed8-0946-4ba3-8114-9b851550f60f
8,0x0ad238c0dfa81f6f7f6aFE2111245805f328C07E,6ad7f792-8996-44ed-8024-e72081a390f6
7,0xAC02B426357DA298161184B8A2721e54dd4B3178,80f8caab-fdfe-4618-abba-b1eff890c16a
9,0x6F4F2c1D895E3C6EdF2F41E9949B77A99c379054,97fcbd55-757b-4031-97af-b247a0ef7e0c
